alpha,beta,mean_reward
0.2,0.2,0.05492398835714285
0.24482758620689657,0.2,0.14450245205197043
0.2896551724137931,0.2,0.234080915746798
0.33448275862068966,0.2,0.32365937944162554
0.3793103448275862,0.2,0.4132378431364532
0.4241379310344828,0.2,0.5028163068312808
0.4689655172413793,0.2,0.5923947705261083
0.5137931034482759,0.2,0.6819732342209359
0.5586206896551724,0.2,0.7715516979157635
0.603448275862069,0.2,0.8611301616105911
0.6482758620689655,0.2,0.9507086253054187
0.693103448275862,0.2,1.0402870890002462
0.7379310344827585,0.2,1.1298655526950738
0.7827586206896551,0.2,1.2194440163899012
0.8275862068965518,0.2,1.3090224800847292
0.8724137931034484,0.2,1.3986009437795566
0.9172413793103449,0.2,1.4881794074743844
0.9620689655172414,0.2,1.577757871169212
1.006896551724138,0.2,1.6673363348640393
1.0517241379310345,0.2,1.7569147985588671
1.096551724137931,0.2,1.8464932622536945
1.1413793103448275,0.2,1.936071725948522
1.186206896551724,0.2,2.025650189643349
1.2310344827586206,0.2,2.1152286533381774
1.2758620689655171,0.2,2.204807117033005
1.3206896551724137,0.2,2.2943855807278317
1.3655172413793102,0.2,2.3839640444226595
1.410344827586207,0.2,2.4735425081174873
1.4551724137931035,0.2,2.563120971812315
1.5,0.2,2.6526994355071425
0.2,0.24482758620689657,-0.022343926223152722
0.24482758620689657,0.24482758620689657,0.06723453747167488
0.2896551724137931,0.24482758620689657,0.15681300116650249
0.33448275862068966,0.24482758620689657,0.24639146486132998
0.3793103448275862,0.24482758620689657,0.3359699285561575
0.4241379310344828,0.24482758620689657,0.42554839225098534
0.4689655172413793,0.24482758620689657,0.5151268559458129
0.5137931034482759,0.24482758620689657,0.6047053196406403
0.5586206896551724,0.24482758620689657,0.6942837833354683
0.603448275862069,0.24482758620689657,0.7838622470302955
0.6482758620689655,0.24482758620689657,0.873440710725123
0.693103448275862,0.24482758620689657,0.9630191744199506
0.7379310344827585,0.24482758620689657,1.0525976381147781
0.7827586206896551,0.24482758620689657,1.1421761018096057
0.8275862068965518,0.24482758620689657,1.2317545655044335
0.8724137931034484,0.24482758620689657,1.3213330291992613
0.9172413793103449,0.24482758620689657,1.410911492894089
0.9620689655172414,0.24482758620689657,1.5004899565889163
1.006896551724138,0.24482758620689657,1.5900684202837436
1.0517241379310345,0.24482758620689657,1.6796468839785714
1.096551724137931,0.24482758620689657,1.7692253476733992
1.1413793103448275,0.24482758620689657,1.858803811368226
1.186206896551724,0.24482758620689657,1.9483822750630537
1.2310344827586206,0.24482758620689657,2.0379607387578815
1.2758620689655171,0.24482758620689657,2.127539202452709
1.3206896551724137,0.24482758620689657,2.2171176661475367
1.3655172413793102,0.24482758620689657,2.306696129842364
1.410344827586207,0.24482758620689657,2.396274593537192
1.4551724137931035,0.24482758620689657,2.4858530572320197
1.5,0.24482758620689657,2.5754315209268475
0.2,0.2896551724137931,-0.09961184080344829
0.24482758620689657,0.2896551724137931,-0.010033377108620702
0.2896551724137931,0.2896551724137931,0.0795450865862069
0.33448275862068966,0.2896551724137931,0.16912355028103446
0.3793103448275862,0.2896551724137931,0.25870201397586196
0.4241379310344828,0.2896551724137931,0.3482804776706897
0.4689655172413793,0.2896551724137931,0.4378589413655171
0.5137931034482759,0.2896551724137931,0.5274374050603449
0.5586206896551724,0.2896551724137931,0.6170158687551724
0.603448275862069,0.2896551724137931,0.7065943324499999
0.6482758620689655,0.2896551724137931,0.7961727961448274
0.693103448275862,0.2896551724137931,0.885751259839655
0.7379310344827585,0.2896551724137931,0.9753297235344824
0.7827586206896551,0.2896551724137931,1.06490818722931
0.8275862068965518,0.2896551724137931,1.154486650924138
0.8724137931034484,0.2896551724137931,1.2440651146189656
0.9172413793103449,0.2896551724137931,1.3336435783137932
0.9620689655172414,0.2896551724137931,1.4232220420086206
1.006896551724138,0.2896551724137931,1.5128005057034482
1.0517241379310345,0.2896551724137931,1.6023789693982757
1.096551724137931,0.2896551724137931,1.6919574330931035
1.1413793103448275,0.2896551724137931,1.7815358967879305
1.186206896551724,0.2896551724137931,1.8711143604827587
1.2310344827586206,0.2896551724137931,1.9606928241775858
1.2758620689655171,0.2896551724137931,2.0502712878724134
1.3206896551724137,0.2896551724137931,2.139849751567241
1.3655172413793102,0.2896551724137931,2.2294282152620686
1.410344827586207,0.2896551724137931,2.319006678956897
1.4551724137931035,0.2896551724137931,2.408585142651724
1.5,0.2896551724137931,2.4981636063465515
0.2,0.33448275862068966,-0.17687975538374384
0.24482758620689657,0.33448275862068966,-0.08730129168891623
0.2896551724137931,0.33448275862068966,0.002277172005911365
0.33448275862068966,0.33448275862068966,0.09185563570073893
0.3793103448275862,0.33448275862068966,0.18143409939556646
0.4241379310344828,0.33448275862068966,0.2710125630903941
0.4689655172413793,0.33448275862068966,0.36059102678522165
0.5137931034482759,0.33448275862068966,0.4501694904800492
0.5586206896551724,0.33448275862068966,0.5397479541748769
0.603448275862069,0.33448275862068966,0.6293264178697044
0.6482758620689655,0.33448275862068966,0.718904881564532
0.693103448275862,0.33448275862068966,0.8084833452593594
0.7379310344827585,0.33448275862068966,0.8980618089541871
0.7827586206896551,0.33448275862068966,0.9876402726490146
0.8275862068965518,0.33448275862068966,1.0772187363438426
0.8724137931034484,0.33448275862068966,1.1667972000386702
0.9172413793103449,0.33448275862068966,1.256375663733498
0.9620689655172414,0.33448275862068966,1.345954127428325
1.006896551724138,0.33448275862068966,1.4355325911231527
1.0517241379310345,0.33448275862068966,1.5251110548179803
1.096551724137931,0.33448275862068966,1.614689518512808
1.1413793103448275,0.33448275862068966,1.7042679822076354
1.186206896551724,0.33448275862068966,1.793846445902463
1.2310344827586206,0.33448275862068966,1.8834249095972904
1.2758620689655171,0.33448275862068966,1.973003373292118
1.3206896551724137,0.33448275862068966,2.062581836986945
1.3655172413793102,0.33448275862068966,2.152160300681773
1.410344827586207,0.33448275862068966,2.2417387643766014
1.4551724137931035,0.33448275862068966,2.3313172280714287
1.5,0.33448275862068966,2.4208956917662565
0.2,0.3793103448275862,-0.25414766996403937
0.24482758620689657,0.3793103448275862,-0.16456920626921176
0.2896551724137931,0.3793103448275862,-0.07499074257438415
0.33448275862068966,0.3793103448275862,0.014587721120443393
0.3793103448275862,0.3793103448275862,0.10416618481527092
0.4241379310344828,0.3793103448275862,0.19374464851009857
0.4689655172413793,0.3793103448275862,0.2833231122049261
0.5137931034482759,0.3793103448275862,0.37290157589975376
0.5586206896551724,0.3793103448275862,0.46248003959458134
0.603448275862069,0.3793103448275862,0.5520585032894089
0.6482758620689655,0.3793103448275862,0.6416369669842364
0.693103448275862,0.3793103448275862,0.731215430679064
0.7379310344827585,0.3793103448275862,0.8207938943738915
0.7827586206896551,0.3793103448275862,0.910372358068719
0.8275862068965518,0.3793103448275862,0.9999508217635469
0.8724137931034484,0.3793103448275862,1.0895292854583745
0.9172413793103449,0.3793103448275862,1.179107749153202
0.9620689655172414,0.3793103448275862,1.2686862128480294
1.006896551724138,0.3793103448275862,1.3582646765428572
1.0517241379310345,0.3793103448275862,1.4478431402376846
1.096551724137931,0.3793103448275862,1.5374216039325124
1.1413793103448275,0.3793103448275862,1.6270000676273397
1.186206896551724,0.3793103448275862,1.7165785313221675
1.2310344827586206,0.3793103448275862,1.8061569950169951
1.2758620689655171,0.3793103448275862,1.8957354587118225
1.3206896551724137,0.3793103448275862,1.9853139224066496
1.3655172413793102,0.3793103448275862,2.0748923861014776
1.410344827586207,0.3793103448275862,2.1644708497963054
1.4551724137931035,0.3793103448275862,2.254049313491133
1.5,0.3793103448275862,2.343627777185961
0.2,0.4241379310344828,-0.33141558454433506
0.24482758620689657,0.4241379310344828,-0.24183712084950743
0.2896551724137931,0.4241379310344828,-0.1522586571546798
0.33448275862068966,0.4241379310344828,-0.06268019345985223
0.3793103448275862,0.4241379310344828,0.02689827023497529
0.4241379310344828,0.4241379310344828,0.11647673392980298
0.4689655172413793,0.4241379310344828,0.20605519762463048
0.5137931034482759,0.4241379310344828,0.29563366131945806
0.5586206896551724,0.4241379310344828,0.38521212501428576
0.603448275862069,0.4241379310344828,0.4747905887091132
0.6482758620689655,0.4241379310344828,0.5643690524039408
0.693103448275862,0.4241379310344828,0.6539475160987683
0.7379310344827585,0.4241379310344828,0.7435259797935958
0.7827586206896551,0.4241379310344828,0.8331044434884234
0.8275862068965518,0.4241379310344828,0.9226829071832514
0.8724137931034484,0.4241379310344828,1.012261370878079
0.9172413793103449,0.4241379310344828,1.1018398345729066
0.9620689655172414,0.4241379310344828,1.191418298267734
1.006896551724138,0.4241379310344828,1.2809967619625613
1.0517241379310345,0.4241379310344828,1.3705752256573889
1.096551724137931,0.4241379310344828,1.460153689352217
1.1413793103448275,0.4241379310344828,1.5497321530470443
1.186206896551724,0.4241379310344828,1.6393106167418714
1.2310344827586206,0.4241379310344828,1.7288890804366992
1.2758620689655171,0.4241379310344828,1.8184675441315268
1.3206896551724137,0.4241379310344828,1.9080460078263546
1.3655172413793102,0.4241379310344828,1.9976244715211824
1.410344827586207,0.4241379310344828,2.08720293521601
1.4551724137931035,0.4241379310344828,2.1767813989108373
1.5,0.4241379310344828,2.266359862605665
0.2,0.4689655172413793,-0.40868349912463053
0.24482758620689657,0.4689655172413793,-0.31910503542980295
0.2896551724137931,0.4689655172413793,-0.22952657173497532
0.33448275862068966,0.4689655172413793,-0.13994810804014776
0.3793103448275862,0.4689655172413793,-0.05036964434532025
0.4241379310344828,0.4689655172413793,0.039208819349507436
0.4689655172413793,0.4689655172413793,0.12878728304433498
0.5137931034482759,0.4689655172413793,0.21836574673916256
0.5586206896551724,0.4689655172413793,0.3079442104339902
0.603448275862069,0.4689655172413793,0.3975226741288177
0.6482758620689655,0.4689655172413793,0.4871011378236452
0.693103448275862,0.4689655172413793,0.5766796015184728
0.7379310344827585,0.4689655172413793,0.6662580652133004
0.7827586206896551,0.4689655172413793,0.7558365289081278
0.8275862068965518,0.4689655172413793,0.8454149926029556
0.8724137931034484,0.4689655172413793,0.9349934562977834
0.9172413793103449,0.4689655172413793,1.0245719199926109
0.9620689655172414,0.4689655172413793,1.1141503836874382
1.006896551724138,0.4689655172413793,1.203728847382266
1.0517241379310345,0.4689655172413793,1.2933073110770936
1.096551724137931,0.4689655172413793,1.382885774771921
1.1413793103448275,0.4689655172413793,1.4724642384667486
1.186206896551724,0.4689655172413793,1.5620427021615764
1.2310344827586206,0.4689655172413793,1.651621165856404
1.2758620689655171,0.4689655172413793,1.7411996295512313
1.3206896551724137,0.4689655172413793,1.830778093246059
1.3655172413793102,0.4689655172413793,1.9203565569408867
1.410344827586207,0.4689655172413793,2.009935020635714
1.4551724137931035,0.4689655172413793,2.0995134843305427
1.5,0.4689655172413793,2.189091948025369
0.2,0.5137931034482759,-0.48595141370492617
0.24482758620689657,0.5137931034482759,-0.39637295001009853
0.2896551724137931,0.5137931034482759,-0.30679448631527095
0.33448275862068966,0.5137931034482759,-0.21721602262044337
0.3793103448275862,0.5137931034482759,-0.12763755892561585
0.4241379310344828,0.5137931034482759,-0.03805909523078819
0.4689655172413793,0.5137931034482759,0.05151936846403935
0.5137931034482759,0.5137931034482759,0.14109783215886693
0.5586206896551724,0.5137931034482759,0.2306762958536946
0.603448275862069,0.5137931034482759,0.32025475954852206
0.6482758620689655,0.5137931034482759,0.4098332232433496
0.693103448275862,0.5137931034482759,0.49941168693817717
0.7379310344827585,0.5137931034482759,0.5889901506330046
0.7827586206896551,0.5137931034482759,0.6785686143278322
0.8275862068965518,0.5137931034482759,0.7681470780226602
0.8724137931034484,0.5137931034482759,0.8577255417174877
0.9172413793103449,0.5137931034482759,0.9473040054123153
0.9620689655172414,0.5137931034482759,1.0368824691071428
1.006896551724138,0.5137931034482759,1.1264609328019706
1.0517241379310345,0.5137931034482759,1.216039396496798
1.096551724137931,0.5137931034482759,1.3056178601916255
1.1413793103448275,0.5137931034482759,1.395196323886453
1.186206896551724,0.5137931034482759,1.4847747875812805
1.2310344827586206,0.5137931034482759,1.574353251276108
1.2758620689655171,0.5137931034482759,1.6639317149709356
1.3206896551724137,0.5137931034482759,1.7535101786657634
1.3655172413793102,0.5137931034482759,1.8430886423605906
1.410344827586207,0.5137931034482759,1.9326671060554186
1.4551724137931035,0.5137931034482759,2.0222455697502464
1.5,0.5137931034482759,2.1118240334450737
0.2,0.5586206896551724,-0.5632193282852216
0.24482758620689657,0.5586206896551724,-0.473640864590394
0.2896551724137931,0.5586206896551724,-0.3840624008955665
0.33448275862068966,0.5586206896551724,-0.29448393720073895
0.3793103448275862,0.5586206896551724,-0.2049054735059114
0.4241379310344828,0.5586206896551724,-0.11532700981108372
0.4689655172413793,0.5586206896551724,-0.0257485461162562
0.5137931034482759,0.5586206896551724,0.0638299175785714
0.5586206896551724,0.5586206896551724,0.153408381273399
0.603448275862069,0.5586206896551724,0.2429868449682266
0.6482758620689655,0.5586206896551724,0.332565308663054
0.693103448275862,0.5586206896551724,0.42214377235788164
0.7379310344827585,0.5586206896551724,0.5117222360527092
0.7827586206896551,0.5586206896551724,0.6013006997475367
0.8275862068965518,0.5586206896551724,0.6908791634423647
0.8724137931034484,0.5586206896551724,0.7804576271371922
0.9172413793103449,0.5586206896551724,0.8700360908320197
0.9620689655172414,0.5586206896551724,0.9596145545268472
1.006896551724138,0.5586206896551724,1.049193018221675
1.0517241379310345,0.5586206896551724,1.1387714819165022
1.096551724137931,0.5586206896551724,1.22834994561133
1.1413793103448275,0.5586206896551724,1.3179284093061576
1.186206896551724,0.5586206896551724,1.407506873000985
1.2310344827586206,0.5586206896551724,1.4970853366958126
1.2758620689655171,0.5586206896551724,1.5866638003906401
1.3206896551724137,0.5586206896551724,1.6762422640854677
1.3655172413793102,0.5586206896551724,1.765820727780295
1.410344827586207,0.5586206896551724,1.8553991914751233
1.4551724137931035,0.5586206896551724,1.9449776551699507
1.5,0.5586206896551724,2.0345561188647783
0.2,0.603448275862069,-0.6404872428655173
0.24482758620689657,0.603448275862069,-0.5509087791706897
0.2896551724137931,0.603448275862069,-0.461330315475862
0.33448275862068966,0.603448275862069,-0.3717518517810345
0.3793103448275862,0.603448275862069,-0.2821733880862069
0.4241379310344828,0.603448275862069,-0.19259492439137924
0.4689655172413793,0.603448275862069,-0.10301646069655171
0.5137931034482759,0.603448275862069,-0.01343799700172411
0.5586206896551724,0.603448275862069,0.07614046669310351
0.603448275862069,0.603448275862069,0.16571893038793103
0.6482758620689655,0.603448275862069,0.2552973940827586
0.693103448275862,0.603448275862069,0.3448758577775861
0.7379310344827585,0.603448275862069,0.4344543214724136
0.7827586206896551,0.603448275862069,0.5240327851672413
0.8275862068965518,0.603448275862069,0.6136112488620692
0.8724137931034484,0.603448275862069,0.7031897125568968
0.9172413793103449,0.603448275862069,0.7927681762517242
0.9620689655172414,0.603448275862069,0.8823466399465518
1.006896551724138,0.603448275862069,0.9719251036413794
1.0517241379310345,0.603448275862069,1.0615035673362068
1.096551724137931,0.603448275862069,1.1510820310310346
1.1413793103448275,0.603448275862069,1.240660494725862
1.186206896551724,0.603448275862069,1.3302389584206897
1.2310344827586206,0.603448275862069,1.419817422115517
1.2758620689655171,0.603448275862069,1.509395885810345
1.3206896551724137,0.603448275862069,1.598974349505172
1.3655172413793102,0.603448275862069,1.6885528131999994
1.410344827586207,0.603448275862069,1.7781312768948276
1.4551724137931035,0.603448275862069,1.867709740589655
1.5,0.603448275862069,1.9572882042844824
0.2,0.6482758620689655,-0.7177551574458128
0.24482758620689657,0.6482758620689655,-0.6281766937509852
0.2896551724137931,0.6482758620689655,-0.5385982300561575
0.33448275862068966,0.6482758620689655,-0.44901976636132995
0.3793103448275862,0.6482758620689655,-0.3594413026665025
0.4241379310344828,0.6482758620689655,-0.2698628389716748
0.4689655172413793,0.6482758620689655,-0.18028437527684726
0.5137931034482759,0.6482758620689655,-0.09070591158201965
0.5586206896551724,0.6482758620689655,-0.0011274478871920236
0.603448275862069,0.6482758620689655,0.08845101580763551
0.6482758620689655,0.6482758620689655,0.178029479502463
0.693103448275862,0.6482758620689655,0.2676079431972906
0.7379310344827585,0.6482758620689655,0.3571864068921181
0.7827586206896551,0.6482758620689655,0.4467648705869457
0.8275862068965518,0.6482758620689655,0.5363433342817736
0.8724137931034484,0.6482758620689655,0.6259217979766012
0.9172413793103449,0.6482758620689655,0.7155002616714289
0.9620689655172414,0.6482758620689655,0.8050787253662561
1.006896551724138,0.6482758620689655,0.8946571890610839
1.0517241379310345,0.6482758620689655,0.9842356527559115
1.096551724137931,0.6482758620689655,1.0738141164507389
1.1413793103448275,0.6482758620689655,1.1633925801455662
1.186206896551724,0.6482758620689655,1.2529710438403938
1.2310344827586206,0.6482758620689655,1.3425495075352214
1.2758620689655171,0.6482758620689655,1.4321279712300492
1.3206896551724137,0.6482758620689655,1.5217064349248763
1.3655172413793102,0.6482758620689655,1.611284898619704
1.410344827586207,0.6482758620689655,1.7008633623145322
1.4551724137931035,0.6482758620689655,1.7904418260093595
1.5,0.6482758620689655,1.880020289704187
0.2,0.693103448275862,-0.7950230720261082
0.24482758620689657,0.693103448275862,-0.7054446083312805
0.2896551724137931,0.693103448275862,-0.6158661446364531
0.33448275862068966,0.693103448275862,-0.5262876809416255
0.3793103448275862,0.693103448275862,-0.4367092172467979
0.4241379310344828,0.693103448275862,-0.34713075355197026
0.4689655172413793,0.693103448275862,-0.2575522898571428
0.5137931034482759,0.693103448275862,-0.16797382616231515
0.5586206896551724,0.693103448275862,-0.07839536246748754
0.603448275862069,0.693103448275862,0.011183101227339998
0.6482758620689655,0.693103448275862,0.1007615649221675
0.693103448275862,0.693103448275862,0.19034002861699503
0.7379310344827585,0.693103448275862,0.2799184923118226
0.7827586206896551,0.693103448275862,0.3694969560066502
0.8275862068965518,0.693103448275862,0.459075419701478
0.8724137931034484,0.693103448275862,0.5486538833963056
0.9172413793103449,0.693103448275862,0.6382323470911333
0.9620689655172414,0.693103448275862,0.7278108107859607
1.006896551724138,0.693103448275862,0.8173892744807884
1.0517241379310345,0.693103448275862,0.9069677381756158
1.096551724137931,0.693103448275862,0.9965462018704432
1.1413793103448275,0.693103448275862,1.0861246655652712
1.186206896551724,0.693103448275862,1.1757031292600986
1.2310344827586206,0.693103448275862,1.265281592954926
1.2758620689655171,0.693103448275862,1.3548600566497535
1.3206896551724137,0.693103448275862,1.444438520344581
1.3655172413793102,0.693103448275862,1.534016984039409
1.410344827586207,0.693103448275862,1.6235954477342365
1.4551724137931035,0.693103448275862,1.7131739114290643
1.5,0.693103448275862,1.8027523751238916
0.2,0.7379310344827585,-0.8722909866064038
0.24482758620689657,0.7379310344827585,-0.7827125229115762
0.2896551724137931,0.7379310344827585,-0.6931340592167485
0.33448275862068966,0.7379310344827585,-0.6035555955219211
0.3793103448275862,0.7379310344827585,-0.5139771318270936
0.4241379310344828,0.7379310344827585,-0.42439866813226584
0.4689655172413793,0.7379310344827585,-0.33482020443743826
0.5137931034482759,0.7379310344827585,-0.24524174074261076
0.5586206896551724,0.7379310344827585,-0.1556632770477831
0.603448275862069,0.7379310344827585,-0.06608481335295555
0.6482758620689655,0.7379310344827585,0.023493650341871963
0.693103448275862,0.7379310344827585,0.11307211403669952
0.7379310344827585,0.7379310344827585,0.20265057773152706
0.7827586206896551,0.7379310344827585,0.29222904142635453
0.8275862068965518,0.7379310344827585,0.38180750512118256
0.8724137931034484,0.7379310344827585,0.47138596881601014
0.9172413793103449,0.7379310344827585,0.5609644325108376
0.9620689655172414,0.7379310344827585,0.6505428962056652
1.006896551724138,0.7379310344827585,0.7401213599004928
1.0517241379310345,0.7379310344827585,0.8296998235953202
1.096551724137931,0.7379310344827585,0.9192782872901478
1.1413793103448275,0.7379310344827585,1.008856750984975
1.186206896551724,0.7379310344827585,1.098435214679803
1.2310344827586206,0.7379310344827585,1.1880136783746305
1.2758620689655171,0.7379310344827585,1.2775921420694583
1.3206896551724137,0.7379310344827585,1.3671706057642854
1.3655172413793102,0.7379310344827585,1.456749069459113
1.410344827586207,0.7379310344827585,1.546327533153941
1.4551724137931035,0.7379310344827585,1.6359059968487688
1.5,0.7379310344827585,1.725484460543596
0.2,0.7827586206896551,-0.9495589011866994
0.24482758620689657,0.7827586206896551,-0.8599804374918716
0.2896551724137931,0.7827586206896551,-0.7704019737970442
0.33448275862068966,0.7827586206896551,-0.6808235101022165
0.3793103448275862,0.7827586206896551,-0.5912450464073891
0.4241379310344828,0.7827586206896551,-0.5016665827125614
0.4689655172413793,0.7827586206896551,-0.41208811901773384
0.5137931034482759,0.7827586206896551,-0.32250965532290626
0.5586206896551724,0.7827586206896551,-0.2329311916280786
0.603448275862069,0.7827586206896551,-0.14335272793325107
0.6482758620689655,0.7827586206896551,-0.053774264238423554
0.693103448275862,0.7827586206896551,0.03580419945640399
0.7379310344827585,0.7827586206896551,0.12538266315123153
0.7827586206896551,0.7827586206896551,0.2149611268460591
0.8275862068965518,0.7827586206896551,0.30453959054088703
0.8724137931034484,0.7827586206896551,0.3941180542357146
0.9172413793103449,0.7827586206896551,0.48369651793054225
0.9620689655172414,0.7827586206896551,0.5732749816253696
1.006896551724138,0.7827586206896551,0.6628534453201972
1.0517241379310345,0.7827586206896551,0.7524319090150248
1.096551724137931,0.7827586206896551,0.8420103727098525
1.1413793103448275,0.7827586206896551,0.9315888364046797
1.186206896551724,0.7827586206896551,1.0211673000995074
1.2310344827586206,0.7827586206896551,1.1107457637943348
1.2758620689655171,0.7827586206896551,1.2003242274891626
1.3206896551724137,0.7827586206896551,1.28990269118399
1.3655172413793102,0.7827586206896551,1.3794811548788177
1.410344827586207,0.7827586206896551,1.4690596185736455
1.4551724137931035,0.7827586206896551,1.5586380822684731
1.5,0.7827586206896551,1.6482165459633005
0.2,0.8275862068965518,-1.0268268157669955
0.24482758620689657,0.8275862068965518,-0.9372483520721676
0.2896551724137931,0.8275862068965518,-0.84766988837734
0.33448275862068966,0.8275862068965518,-0.7580914246825126
0.3793103448275862,0.8275862068965518,-0.668512960987685
0.4241379310344828,0.8275862068965518,-0.5789344972928572
0.4689655172413793,0.8275862068965518,-0.48935603359802976
0.5137931034482759,0.8275862068965518,-0.39977756990320223
0.5586206896551724,0.8275862068965518,-0.31019910620837454
0.603448275862069,0.8275862068965518,-0.220620642513547
0.6482758620689655,0.8275862068965518,-0.1310421788187195
0.693103448275862,0.8275862068965518,-0.04146371512389193
0.7379310344827585,0.8275862068965518,0.048114748570935596
0.7827586206896551,0.8275862068965518,0.13769321226576312
0.8275862068965518,0.8275862068965518,0.22727167596059114
0.8724137931034484,0.8275862068965518,0.31685013965541864
0.9172413793103449,0.8275862068965518,0.4064286033502462
0.9620689655172414,0.8275862068965518,0.49600706704507375
1.006896551724138,0.8275862068965518,0.5855855307399013
1.0517241379310345,0.8275862068965518,0.6751639944347289
1.096551724137931,0.8275862068965518,0.7647424581295563
1.1413793103448275,0.8275862068965518,0.854320921824384
1.186206896551724,0.8275862068965518,0.9438993855192115
1.2310344827586206,0.8275862068965518,1.0334778492140388
1.2758620689655171,0.8275862068965518,1.1230563129088664
1.3206896551724137,0.8275862068965518,1.212634776603694
1.3655172413793102,0.8275862068965518,1.3022132402985218
1.410344827586207,0.8275862068965518,1.3917917039933496
1.4551724137931035,0.8275862068965518,1.4813701676881774
1.5,0.8275862068965518,1.5709486313830048
0.2,0.8724137931034484,-1.1040947303472906
0.24482758620689657,0.8724137931034484,-1.0145162666524634
0.2896551724137931,0.8724137931034484,-0.9249378029576356
0.33448275862068966,0.8724137931034484,-0.8353593392628081
0.3793103448275862,0.8724137931034484,-0.7457808755679805
0.4241379310344828,0.8724137931034484,-0.6562024118731528
0.4689655172413793,0.8724137931034484,-0.5666239481783253
0.5137931034482759,0.8724137931034484,-0.4770454844834976
0.5586206896551724,0.8724137931034484,-0.38746702078867007
0.603448275862069,0.8724137931034484,-0.29788855709384254
0.6482758620689655,0.8724137931034484,-0.20831009339901502
0.693103448275862,0.8724137931034484,-0.11873162970418746
0.7379310344827585,0.8724137931034484,-0.02915316600935993
0.7827586206896551,0.8724137931034484,0.06042529768546764
0.8275862068965518,0.8724137931034484,0.15000376138029559
0.8724137931034484,0.8724137931034484,0.23958222507512317
0.9172413793103449,0.8724137931034484,0.32916068876995064
0.9620689655172414,0.8724137931034484,0.4187391524647783
1.006896551724138,0.8724137931034484,0.5083176161596057
1.0517241379310345,0.8724137931034484,0.5978960798544333
1.096551724137931,0.8724137931034484,0.6874745435492609
1.1413793103448275,0.8724137931034484,0.7770530072440885
1.186206896551724,0.8724137931034484,0.866631470938916
1.2310344827586206,0.8724137931034484,0.9562099346337437
1.2758620689655171,0.8724137931034484,1.045788398328571
1.3206896551724137,0.8724137931034484,1.1353668620233985
1.3655172413793102,0.8724137931034484,1.2249453257182261
1.410344827586207,0.8724137931034484,1.3145237894130541
1.4551724137931035,0.8724137931034484,1.4041022531078817
1.5,0.8724137931034484,1.493680716802709
0.2,0.9172413793103449,-1.1813626449275862
0.24482758620689657,0.9172413793103449,-1.0917841812327587
0.2896551724137931,0.9172413793103449,-1.0022057175379309
0.33448275862068966,0.9172413793103449,-0.9126272538431037
0.3793103448275862,0.9172413793103449,-0.823048790148276
0.4241379310344828,0.9172413793103449,-0.7334703264534482
0.4689655172413793,0.9172413793103449,-0.6438918627586208
0.5137931034482759,0.9172413793103449,-0.5543133990637932
0.5586206896551724,0.9172413793103449,-0.46473493536896554
0.603448275862069,0.9172413793103449,-0.3751564716741381
0.6482758620689655,0.9172413793103449,-0.28557800797931054
0.693103448275862,0.9172413793103449,-0.19599954428448302
0.7379310344827585,0.9172413793103449,-0.10642108058965549
0.7827586206896551,0.9172413793103449,-0.0168426168948279
0.8275862068965518,0.9172413793103449,0.07273584680000003
0.8724137931034484,0.9172413793103449,0.1623143104948276
0.9172413793103449,0.9172413793103449,0.25189277418965517
0.9620689655172414,0.9172413793103449,0.3414712378844827
1.006896551724138,0.9172413793103449,0.43104970157931016
1.0517241379310345,0.9172413793103449,0.5206281652741377
1.096551724137931,0.9172413793103449,0.6102066289689654
1.1413793103448275,0.9172413793103449,0.6997850926637929
1.186206896551724,0.9172413793103449,0.7893635563586203
1.2310344827586206,0.9172413793103449,0.8789420200534478
1.2758620689655171,0.9172413793103449,0.9685204837482754
1.3206896551724137,0.9172413793103449,1.058098947443103
1.3655172413793102,0.9172413793103449,1.1476774111379304
1.410344827586207,0.9172413793103449,1.2372558748327587
1.4551724137931035,0.9172413793103449,1.3268343385275858
1.5,0.9172413793103449,1.4164128022224136
0.2,0.9620689655172414,-1.258630559507882
0.24482758620689657,0.9620689655172414,-1.1690520958130544
0.2896551724137931,0.9620689655172414,-1.0794736321182268
0.33448275862068966,0.9620689655172414,-0.9898951684233989
0.3793103448275862,0.9620689655172414,-0.9003167047285716
0.4241379310344828,0.9620689655172414,-0.8107382410337438
0.4689655172413793,0.9620689655172414,-0.7211597773389163
0.5137931034482759,0.9620689655172414,-0.6315813136440888
0.5586206896551724,0.9620689655172414,-0.5420028499492612
0.603448275862069,0.9620689655172414,-0.45242438625443365
0.6482758620689655,0.9620689655172414,-0.36284592255960607
0.693103448275862,0.9620689655172414,-0.2732674588647785
0.7379310344827585,0.9620689655172414,-0.18368899516995102
0.7827586206896551,0.9620689655172414,-0.09411053147512342
0.8275862068965518,0.9620689655172414,-0.00453206778029549
0.8724137931034484,0.9620689655172414,0.08504639591453209
0.9172413793103449,0.9620689655172414,0.17462485960935964
0.9620689655172414,0.9620689655172414,0.26420332330418717
1.006896551724138,0.9620689655172414,0.3537817869990147
1.0517241379310345,0.9620689655172414,0.4433602506938422
1.096551724137931,0.9620689655172414,0.5329387143886698
1.1413793103448275,0.9620689655172414,0.6225171780834973
1.186206896551724,0.9620689655172414,0.712095641778325
1.2310344827586206,0.9620689655172414,0.8016741054731524
1.2758620689655171,0.9620689655172414,0.89125256916798
1.3206896551724137,0.9620689655172414,0.9808310328628073
1.3655172413793102,0.9620689655172414,1.0704094965576352
1.410344827586207,0.9620689655172414,1.159987960252463
1.4551724137931035,0.9620689655172414,1.2495664239472908
1.5,0.9620689655172414,1.339144887642118
0.2,1.006896551724138,-1.3358984740881774
0.24482758620689657,1.006896551724138,-1.2463200103933496
0.2896551724137931,1.006896551724138,-1.156741546698522
0.33448275862068966,1.006896551724138,-1.0671630830036947
0.3793103448275862,1.006896551724138,-0.9775846193088672
0.4241379310344828,1.006896551724138,-0.8880061556140394
0.4689655172413793,1.006896551724138,-0.7984276919192118
0.5137931034482759,1.006896551724138,-0.7088492282243843
0.5586206896551724,1.006896551724138,-0.6192707645295565
0.603448275862069,1.006896551724138,-0.5296923008347292
0.6482758620689655,1.006896551724138,-0.4401138371399016
0.693103448275862,1.006896551724138,-0.35053537344507396
0.7379310344827585,1.006896551724138,-0.26095690975024655
0.7827586206896551,1.006896551724138,-0.17137844605541894
0.8275862068965518,1.006896551724138,-0.08179998236059102
0.8724137931034484,1.006896551724138,0.007778481334236554
0.9172413793103449,1.006896551724138,0.09735694502906408
0.9620689655172414,1.006896551724138,0.18693540872389164
1.006896551724138,1.006896551724138,0.27651387241871916
1.0517241379310345,1.006896551724138,0.3660923361135467
1.096551724137931,1.006896551724138,0.4556707998083743
1.1413793103448275,1.006896551724138,0.5452492635032019
1.186206896551724,1.006896551724138,0.6348277271980293
1.2310344827586206,1.006896551724138,0.724406190892857
1.2758620689655171,1.006896551724138,0.8139846545876844
1.3206896551724137,1.006896551724138,0.9035631182825119
1.3655172413793102,1.006896551724138,0.9931415819773395
1.410344827586207,1.006896551724138,1.0827200456721675
1.4551724137931035,1.006896551724138,1.172298509366995
1.5,1.006896551724138,1.2618769730618227
0.2,1.0517241379310345,-1.4131663886684727
0.24482758620689657,1.0517241379310345,-1.3235879249736453
0.2896551724137931,1.0517241379310345,-1.2340094612788175
0.33448275862068966,1.0517241379310345,-1.1444309975839904
0.3793103448275862,1.0517241379310345,-1.0548525338891626
0.4241379310344828,1.0517241379310345,-0.9652740701943351
0.4689655172413793,1.0517241379310345,-0.8756956064995073
0.5137931034482759,1.0517241379310345,-0.7861171428046798
0.5586206896551724,1.0517241379310345,-0.696538679109852
0.603448275862069,1.0517241379310345,-0.6069602154150247
0.6482758620689655,1.0517241379310345,-0.5173817517201972
0.693103448275862,1.0517241379310345,-0.4278032880253696
0.7379310344827585,1.0517241379310345,-0.338224824330542
0.7827586206896551,1.0517241379310345,-0.2486463606357145
0.8275862068965518,1.0517241379310345,-0.15906789694088658
0.8724137931034484,1.0517241379310345,-0.06948943324605898
0.9172413793103449,1.0517241379310345,0.02008903044876855
0.9620689655172414,1.0517241379310345,0.10966749414359608
1.006896551724138,1.0517241379310345,0.19924595783842364
1.0517241379310345,1.0517241379310345,0.2888244215332512
1.096551724137931,1.0517241379310345,0.3784028852280787
1.1413793103448275,1.0517241379310345,0.46798134892290627
1.186206896551724,1.0517241379310345,0.5575598126177337
1.2310344827586206,1.0517241379310345,0.6471382763125614
1.2758620689655171,1.0517241379310345,0.7367167400073888
1.3206896551724137,1.0517241379310345,0.8262952037022163
1.3655172413793102,1.0517241379310345,0.915873667397044
1.410344827586207,1.0517241379310345,1.005452131091872
1.4551724137931035,1.0517241379310345,1.0950305947866996
1.5,1.0517241379310345,1.1846090584815272
0.2,1.096551724137931,-1.4904343032487684
0.24482758620689657,1.096551724137931,-1.4008558395539406
0.2896551724137931,1.096551724137931,-1.3112773758591132
0.33448275862068966,1.096551724137931,-1.2216989121642858
0.3793103448275862,1.096551724137931,-1.1321204484694583
0.4241379310344828,1.096551724137931,-1.0425419847746304
0.4689655172413793,1.096551724137931,-0.9529635210798029
0.5137931034482759,1.096551724137931,-0.8633850573849753
0.5586206896551724,1.096551724137931,-0.7738065936901477
0.603448275862069,1.096551724137931,-0.6842281299953201
0.6482758620689655,1.096551724137931,-0.5946496663004927
0.693103448275862,1.096551724137931,-0.5050712026056652
0.7379310344827585,1.096551724137931,-0.41549273891083754
0.7827586206896551,1.096551724137931,-0.32591427521601
0.8275862068965518,1.096551724137931,-0.23633581152118208
0.8724137931034484,1.096551724137931,-0.14675734782635452
0.9172413793103449,1.096551724137931,-0.057178884131526955
0.9620689655172414,1.096551724137931,0.032399579563300585
1.006896551724138,1.096551724137931,0.12197804325812815
1.0517241379310345,1.096551724137931,0.21155650695295564
1.096551724137931,1.096551724137931,0.3011349706477832
1.1413793103448275,1.096551724137931,0.39071343434261085
1.186206896551724,1.096551724137931,0.48029189803743816
1.2310344827586206,1.096551724137931,0.5698703617322659
1.2758620689655171,1.096551724137931,0.6594488254270934
1.3206896551724137,1.096551724137931,0.7490272891219211
1.3655172413793102,1.096551724137931,0.8386057528167484
1.410344827586207,1.096551724137931,0.9281842165115763
1.4551724137931035,1.096551724137931,1.017762680206404
1.5,1.096551724137931,1.1073411439012317
0.2,1.1413793103448275,-1.567702217829064
0.24482758620689657,1.1413793103448275,-1.4781237541342362
0.2896551724137931,1.1413793103448275,-1.3885452904394087
0.33448275862068966,1.1413793103448275,-1.298966826744581
0.3793103448275862,1.1413793103448275,-1.2093883630497537
0.4241379310344828,1.1413793103448275,-1.119809899354926
0.4689655172413793,1.1413793103448275,-1.0302314356600986
0.5137931034482759,1.1413793103448275,-0.940652971965271
0.5586206896551724,1.1413793103448275,-0.8510745082704434
0.603448275862069,1.1413793103448275,-0.7614960445756157
0.6482758620689655,1.1413793103448275,-0.6719175808807882
0.693103448275862,1.1413793103448275,-0.5823391171859605
0.7379310344827585,1.1413793103448275,-0.4927606534911331
0.7827586206896551,1.1413793103448275,-0.4031821897963056
0.8275862068965518,1.1413793103448275,-0.3136037261014776
0.8724137931034484,1.1413793103448275,-0.22402526240665002
0.9172413793103449,1.1413793103448275,-0.1344467987118225
0.9620689655172414,1.1413793103448275,-0.04486833501699496
1.006896551724138,1.1413793103448275,0.044710128677832583
1.0517241379310345,1.1413793103448275,0.13428859237266014
1.096551724137931,1.1413793103448275,0.22386705606748772
1.1413793103448275,1.1413793103448275,0.31344551976231527
1.186206896551724,1.1413793103448275,0.4030239834571427
1.2310344827586206,1.1413793103448275,0.4926024471519703
1.2758620689655171,1.1413793103448275,0.5821809108467978
1.3206896551724137,1.1413793103448275,0.6717593745416254
1.3655172413793102,1.1413793103448275,0.761337838236453
1.410344827586207,1.1413793103448275,0.850916301931281
1.4551724137931035,1.1413793103448275,0.9404947656261085
1.5,1.1413793103448275,1.0300732293209358
0.2,1.186206896551724,-1.6449701324093595
0.24482758620689657,1.186206896551724,-1.5553916687145317
0.2896551724137931,1.186206896551724,-1.4658132050197041
0.33448275862068966,1.186206896551724,-1.3762347413248768
0.3793103448275862,1.186206896551724,-1.2866562776300492
0.4241379310344828,1.186206896551724,-1.1970778139352212
0.4689655172413793,1.186206896551724,-1.107499350240394
0.5137931034482759,1.186206896551724,-1.0179208865455662
0.5586206896551724,1.186206896551724,-0.9283424228507388
0.603448275862069,1.186206896551724,-0.8387639591559113
0.6482758620689655,1.186206896551724,-0.7491854954610836
0.693103448275862,1.186206896551724,-0.6596070317662561
0.7379310344827585,1.186206896551724,-0.5700285680714285
0.7827586206896551,1.186206896551724,-0.48045010437660096
0.8275862068965518,1.186206896551724,-0.39087164068177305
0.8724137931034484,1.186206896551724,-0.3012931769869455
0.9172413793103449,1.186206896551724,-0.211714713292118
0.9620689655172414,1.186206896551724,-0.12213624959729044
1.006896551724138,1.186206896551724,-0.0325577859024629
1.0517241379310345,1.186206896551724,0.05702067779236464
1.096551724137931,1.186206896551724,0.1465991414871922
1.1413793103448275,1.186206896551724,0.23617760518201977
1.186206896551724,1.186206896551724,0.3257560688768472
1.2310344827586206,1.186206896551724,0.41533453257167485
1.2758620689655171,1.186206896551724,0.5049129962665024
1.3206896551724137,1.186206896551724,0.5944914599613299
1.3655172413793102,1.186206896551724,0.6840699236561575
1.410344827586207,1.186206896551724,0.7736483873509854
1.4551724137931035,1.186206896551724,0.8632268510458129
1.5,1.186206896551724,0.9528053147406406
0.2,1.2310344827586206,-1.722238046989655
0.24482758620689657,1.2310344827586206,-1.6326595832948274
0.2896551724137931,1.2310344827586206,-1.5430811195999996
0.33448275862068966,1.2310344827586206,-1.4535026559051725
0.3793103448275862,1.2310344827586206,-1.3639241922103449
0.4241379310344828,1.2310344827586206,-1.274345728515517
0.4689655172413793,1.2310344827586206,-1.1847672648206893
0.5137931034482759,1.2310344827586206,-1.0951888011258617
0.5586206896551724,1.2310344827586206,-1.0056103374310343
0.603448275862069,1.2310344827586206,-0.9160318737362066
0.6482758620689655,1.2310344827586206,-0.8264534100413792
0.693103448275862,1.2310344827586206,-0.7368749463465517
0.7379310344827585,1.2310344827586206,-0.647296482651724
0.7827586206896551,1.2310344827586206,-0.5577180189568967
0.8275862068965518,1.2310344827586206,-0.46813955526206863
0.8724137931034484,1.2310344827586206,-0.37856109156724105
0.9172413793103449,1.2310344827586206,-0.2889826278724136
0.9620689655172414,1.2310344827586206,-0.19940416417758602
1.006896551724138,1.2310344827586206,-0.10982570048275846
1.0517241379310345,1.2310344827586206,-0.020247236787930924
1.096551724137931,1.2310344827586206,0.06933122690689664
1.1413793103448275,1.2310344827586206,0.1589096906017242
1.186206896551724,1.2310344827586206,0.24848815429655166
1.2310344827586206,1.2310344827586206,0.33806661799137927
1.2758620689655171,1.2310344827586206,0.4276450816862069
1.3206896551724137,1.2310344827586206,0.5172235453810343
1.3655172413793102,1.2310344827586206,0.6068020090758617
1.410344827586207,1.2310344827586206,0.6963804727706897
1.4551724137931035,1.2310344827586206,0.7859589364655175
1.5,1.2310344827586206,0.875537400160345
0.2,1.2758620689655171,-1.7995059615699502
0.24482758620689657,1.2758620689655171,-1.7099274978751229
0.2896551724137931,1.2758620689655171,-1.620349034180295
0.33448275862068966,1.2758620689655171,-1.530770570485468
0.3793103448275862,1.2758620689655171,-1.4411921067906401
0.4241379310344828,1.2758620689655171,-1.3516136430958128
0.4689655172413793,1.2758620689655171,-1.262035179400985
0.5137931034482759,1.2758620689655171,-1.1724567157061574
0.5586206896551724,1.2758620689655171,-1.08287825201133
0.603448275862069,1.2758620689655171,-0.9932997883165025
0.6482758620689655,1.2758620689655171,-0.9037213246216748
0.693103448275862,1.2758620689655171,-0.8141428609268472
0.7379310344827585,1.2758620689655171,-0.7245643972320198
0.7827586206896551,1.2758620689655171,-0.6349859335371921
0.8275862068965518,1.2758620689655171,-0.5454074698423643
0.8724137931034484,1.2758620689655171,-0.45582900614753674
0.9172413793103449,1.2758620689655171,-0.3662505424527091
0.9620689655172414,1.2758620689655171,-0.2766720787578816
1.006896551724138,1.2758620689655171,-0.18709361506305405
1.0517241379310345,1.2758620689655171,-0.0975151513682265
1.096551724137931,1.2758620689655171,-0.007936687673398946
1.1413793103448275,1.2758620689655171,0.08164177602142861
1.186206896551724,1.2758620689655171,0.17122023971625608
1.2310344827586206,1.2758620689655171,0.2607987034110837
1.2758620689655171,1.2758620689655171,0.35037716710591116
1.3206896551724137,1.2758620689655171,0.43995563080073874
1.3655172413793102,1.2758620689655171,0.5295340944955662
1.410344827586207,1.2758620689655171,0.6191125581903941
1.4551724137931035,1.2758620689655171,0.7086910218852218
1.5,1.2758620689655171,0.7982694855800494
0.2,1.3206896551724137,-1.8767738761502464
0.24482758620689657,1.3206896551724137,-1.7871954124554186
0.2896551724137931,1.3206896551724137,-1.6976169487605905
0.33448275862068966,1.3206896551724137,-1.6080384850657634
0.3793103448275862,1.3206896551724137,-1.5184600213709358
0.4241379310344828,1.3206896551724137,-1.428881557676108
0.4689655172413793,1.3206896551724137,-1.3393030939812804
0.5137931034482759,1.3206896551724137,-1.2497246302864529
0.5586206896551724,1.3206896551724137,-1.1601461665916255
0.603448275862069,1.3206896551724137,-1.0705677028967977
0.6482758620689655,1.3206896551724137,-0.9809892392019703
0.693103448275862,1.3206896551724137,-0.8914107755071428
0.7379310344827585,1.3206896551724137,-0.8018323118123153
0.7827586206896551,1.3206896551724137,-0.7122538481174876
0.8275862068965518,1.3206896551724137,-0.6226753844226598
0.8724137931034484,1.3206896551724137,-0.5330969207278321
0.9172413793103449,1.3206896551724137,-0.4435184570330046
0.9620689655172414,1.3206896551724137,-0.35393999333817705
1.006896551724138,1.3206896551724137,-0.2643615296433494
1.0517241379310345,1.3206896551724137,-0.17478306594852197
1.096551724137931,1.3206896551724137,-0.08520460225369442
1.1413793103448275,1.3206896551724137,0.004373861441133142
1.186206896551724,1.3206896551724137,0.09395232513596061
1.2310344827586206,1.3206896551724137,0.1835307888307882
1.2758620689655171,1.3206896551724137,0.2731092525256157
1.3206896551724137,1.3206896551724137,0.36268771622044327
1.3655172413793102,1.3206896551724137,0.4522661799152708
1.410344827586207,1.3206896551724137,0.5418446436100989
1.4551724137931035,1.3206896551724137,0.6314231073049263
1.5,1.3206896551724137,0.7210015709997538
0.2,1.3655172413793102,-1.9540417907305418
0.24482758620689657,1.3655172413793102,-1.864463327035714
0.2896551724137931,1.3655172413793102,-1.7748848633408865
0.33448275862068966,1.3655172413793102,-1.685306399646059
0.3793103448275862,1.3655172413793102,-1.5957279359512313
0.4241379310344828,1.3655172413793102,-1.5061494722564035
0.4689655172413793,1.3655172413793102,-1.4165710085615761
0.5137931034482759,1.3655172413793102,-1.3269925448667483
0.5586206896551724,1.3655172413793102,-1.237414081171921
0.603448275862069,1.3655172413793102,-1.1478356174770932
0.6482758620689655,1.3655172413793102,-1.0582571537822658
0.693103448275862,1.3655172413793102,-0.9686786900874381
0.7379310344827585,1.3655172413793102,-0.8791002263926107
0.7827586206896551,1.3655172413793102,-0.7895217626977832
0.8275862068965518,1.3655172413793102,-0.6999432990029553
0.8724137931034484,1.3655172413793102,-0.6103648353081276
0.9172413793103449,1.3655172413793102,-0.5207863716133
0.9620689655172414,1.3655172413793102,-0.4312079079184725
1.006896551724138,1.3655172413793102,-0.34162944422364505
1.0517241379310345,1.3655172413793102,-0.25205098052881747
1.096551724137931,1.3655172413793102,-0.16247251683398992
1.1413793103448275,1.3655172413793102,-0.07289405313916235
1.186206896551724,1.3655172413793102,0.01668441055566512
1.2310344827586206,1.3655172413793102,0.1062628742504927
1.2758620689655171,1.3655172413793102,0.19584133794532027
1.3206896551724137,1.3655172413793102,0.2854198016401478
1.3655172413793102,1.3655172413793102,0.3749982653349754
1.410344827586207,1.3655172413793102,0.4645767290298033
1.4551724137931035,1.3655172413793102,0.5541551927246309
1.5,1.3655172413793102,0.6437336564194586
0.2,1.410344827586207,-2.0313097053108375
0.24482758620689657,1.410344827586207,-1.9417312416160097
0.2896551724137931,1.410344827586207,-1.8521527779211824
0.33448275862068966,1.410344827586207,-1.7625743142263546
0.3793103448275862,1.410344827586207,-1.6729958505315274
0.4241379310344828,1.410344827586207,-1.5834173868366994
0.4689655172413793,1.410344827586207,-1.4938389231418716
0.5137931034482759,1.410344827586207,-1.4042604594470447
0.5586206896551724,1.410344827586207,-1.3146819957522171
0.603448275862069,1.410344827586207,-1.225103532057389
0.6482758620689655,1.410344827586207,-1.1355250683625617
0.693103448275862,1.410344827586207,-1.0459466046677344
0.7379310344827585,1.410344827586207,-0.9563681409729068
0.7827586206896551,1.410344827586207,-0.8667896772780791
0.8275862068965518,1.410344827586207,-0.7772112135832512
0.8724137931034484,1.410344827586207,-0.6876327498884236
0.9172413793103449,1.410344827586207,-0.598054286193596
0.9620689655172414,1.410344827586207,-0.5084758224987684
1.006896551724138,1.410344827586207,-0.41889735880394097
1.0517241379310345,1.410344827586207,-0.32931889510911344
1.096551724137931,1.410344827586207,-0.23974043141428591
1.1413793103448275,1.410344827586207,-0.15016196771945833
1.186206896551724,1.410344827586207,-0.06058350402463086
1.2310344827586206,1.410344827586207,0.02899495967019672
1.2758620689655171,1.410344827586207,0.11857342336502427
1.3206896551724137,1.410344827586207,0.20815188705985177
1.3655172413793102,1.410344827586207,0.29773035075467946
1.410344827586207,1.410344827586207,0.3873088144495072
1.4551724137931035,1.410344827586207,0.4768872781443349
1.5,1.410344827586207,0.5664657418391624
0.2,1.4551724137931035,-2.1085776198911335
0.24482758620689657,1.4551724137931035,-2.0189991561963057
0.2896551724137931,1.4551724137931035,-1.929420692501478
0.33448275862068966,1.4551724137931035,-1.8398422288066503
0.3793103448275862,1.4551724137931035,-1.7502637651118227
0.4241379310344828,1.4551724137931035,-1.6606853014169949
0.4689655172413793,1.4551724137931035,-1.5711068377221673
0.5137931034482759,1.4551724137931035,-1.4815283740273402
0.5586206896551724,1.4551724137931035,-1.3919499103325124
0.603448275862069,1.4551724137931035,-1.3023714466376846
0.6482758620689655,1.4551724137931035,-1.2127929829428574
0.693103448275862,1.4551724137931035,-1.1232145192480298
0.7379310344827585,1.4551724137931035,-1.033636055553202
0.7827586206896551,1.4551724137931035,-0.9440575918583747
0.8275862068965518,1.4551724137931035,-0.8544791281635467
0.8724137931034484,1.4551724137931035,-0.764900664468719
0.9172413793103449,1.4551724137931035,-0.6753222007738915
0.9620689655172414,1.4551724137931035,-0.5857437370790641
1.006896551724138,1.4551724137931035,-0.49616527338423644
1.0517241379310345,1.4551724137931035,-0.4065868096894089
1.096551724137931,1.4551724137931035,-0.3170083459945815
1.1413793103448275,1.4551724137931035,-0.2274298822997538
1.186206896551724,1.4551724137931035,-0.13785141860492636
1.2310344827586206,1.4551724137931035,-0.048272954910098774
1.2758620689655171,1.4551724137931035,0.04130550878472879
1.3206896551724137,1.4551724137931035,0.1308839724795563
1.3655172413793102,1.4551724137931035,0.22046243617438394
1.410344827586207,1.4551724137931035,0.3100408998692118
1.4551724137931035,1.4551724137931035,0.3996193635640394
1.5,1.4551724137931035,0.48919782725886696
0.2,1.5,-2.185845534471428
0.24482758620689657,1.5,-2.0962670707766007
0.2896551724137931,1.5,-2.0066886070817733
0.33448275862068966,1.5,-1.917110143386946
0.3793103448275862,1.5,-1.8275316796921182
0.4241379310344828,1.5,-1.7379532159972904
0.4689655172413793,1.5,-1.6483747523024632
0.5137931034482759,1.5,-1.5587962886076354
0.5586206896551724,1.5,-1.4692178249128078
0.603448275862069,1.5,-1.3796393612179805
0.6482758620689655,1.5,-1.2900608975231527
0.693103448275862,1.5,-1.2004824338283255
0.7379310344827585,1.5,-1.1109039701334977
0.7827586206896551,1.5,-1.0213255064386701
0.8275862068965518,1.5,-0.9317470427438421
0.8724137931034484,1.5,-0.8421685790490147
0.9172413793103449,1.5,-0.7525901153541871
0.9620689655172414,1.5,-0.6630116516593596
1.006896551724138,1.5,-0.573433187964532
1.0517241379310345,1.5,-0.4838547242697044
1.096551724137931,1.5,-0.39427626057487697
1.1413793103448275,1.5,-0.30469779688004933
1.186206896551724,1.5,-0.21511933318522186
1.2310344827586206,1.5,-0.12554086949039428
1.2758620689655171,1.5,-0.03596240579556671
1.3206896551724137,1.5,0.053616057899260806
1.3655172413793102,1.5,0.1431945215940884
1.410344827586207,1.5,0.23277298528891627
1.4551724137931035,1.5,0.3223514489837438
1.5,1.5,0.4119299126785715
